{
  "id": "ARR005",
  "code": "ARR005",
  "name": "森平房",
  "photo": "",
  "career": {
    "debut": 2012,
    "teams": [
      "ALLSTAR",
      "亞克鷹"
    ],
    "totalSeasons": 11
  },
  "seasons": [
    {
      "year": 2022,
      "team": "ALLSTAR",
      "number": "9",
      "batting": {
        "games": 5,
        "pa": 18,
        "ab": 16,
        "hits": 6,
        "singles": 5,
        "doubles": 1,
        "triples": 0,
        "hr": 0,
        "rbi": 4,
        "runs": 5,
        "bb": 10,
        "so": 4,
        "sb": 4,
        "sf": 1,
        "totalBases": 7
      },
      "pitching": {
        "games": 5,
        "ip": 8.99,
        "bf": 56,
        "so": 7,
        "bb": 10,
        "h": 18,
        "hr": 0,
        "r": 19,
        "er": 13,
        "w": 0,
        "l": 0,
        "sv": 1,
        "hld": 0,
        "cs": 0,
        "csAttempts": 3
      },
      "pitchingCalculated": {
        "era": 13.014460511679644,
        "whip": 3.114571746384872,
        "fip": 4.979755361,
        "kPer9": 7.007786429365962,
        "bbPer9": 10.011123470522802,
        "hPer9": 18.020022246941046,
        "csPercentage": 0
      },
      "rankings": {
        "rc": 147,
        "hits": 106,
        "hr": 1316,
        "rbi": 142,
        "avg": 943,
        "w": 1449,
        "sv": 17,
        "so": 66,
        "era": 943,
        "whip": 47,
        "fip": 66
      }
    },
    {
      "year": 2021,
      "team": "ALLSTAR",
      "number": "9",
      "batting": {
        "games": 14,
        "pa": 57,
        "ab": 42,
        "hits": 19,
        "singles": 15,
        "doubles": 4,
        "triples": 0,
        "hr": 0,
        "rbi": 20,
        "runs": 14,
        "bb": 11,
        "so": 4,
        "sb": 2,
        "sf": 2,
        "totalBases": 23
      },
      "pitching": {
        "games": 10,
        "ip": 16.996,
        "bf": 94,
        "so": 13,
        "bb": 11,
        "h": 28,
        "hr": 0,
        "r": 16,
        "er": 9,
        "w": 2,
        "l": 1,
        "sv": 2,
        "hld": 0,
        "cs": 0,
        "csAttempts": 0
      },
      "pitchingCalculated": {
        "era": 4.7658272534714055,
        "whip": 2.294657566486232,
        "fip": 3.612,
        "kPer9": 6.883972699458696,
        "bbPer9": 5.824899976465051,
        "hPer9": 14.827018121911038,
        "csPercentage": 0
      },
      "rankings": {
        "rc": 31,
        "hits": 44,
        "hr": 1630,
        "rbi": 12,
        "avg": 13,
        "w": 38,
        "sv": 10,
        "so": 69,
        "era": 1022,
        "whip": 30,
        "fip": 34
      }
    },
    {
      "year": 2020,
      "team": "ALLSTAR",
      "number": "9",
      "batting": {
        "games": 14,
        "pa": 51,
        "ab": 35,
        "hits": 11,
        "singles": 10,
        "doubles": 1,
        "triples": 0,
        "hr": 0,
        "rbi": 10,
        "runs": 16,
        "bb": 2,
        "so": 8,
        "sb": 1,
        "sf": 1,
        "totalBases": 12
      },
      "pitching": {
        "games": 4,
        "ip": 7.66,
        "bf": 36,
        "so": 1,
        "bb": 2,
        "h": 10,
        "hr": 0,
        "r": 6,
        "er": 4,
        "w": 0,
        "l": 1,
        "sv": 1,
        "hld": 0,
        "cs": 0,
        "csAttempts": 0
      },
      "pitchingCalculated": {
        "era": 4.699738903394255,
        "whip": 1.566579634464752,
        "fip": null,
        "kPer9": 1.1749347258485638,
        "bbPer9": 2.3498694516971277,
        "hPer9": 11.74934725848564,
        "csPercentage": 0
      },
      "rankings": {
        "rc": 90,
        "hits": 138,
        "hr": 1598,
        "rbi": 84,
        "avg": 76,
        "w": 1650,
        "sv": 31,
        "so": 246,
        "era": 1101,
        "whip": 153,
        "fip": 0
      }
    },
    {
      "year": 2019,
      "team": "ALLSTAR",
      "number": "9",
      "batting": {
        "games": 14,
        "pa": 63,
        "ab": 49,
        "hits": 17,
        "singles": 10,
        "doubles": 7,
        "triples": 0,
        "hr": 0,
        "rbi": 13,
        "runs": 16,
        "bb": 2,
        "so": 2,
        "sb": 5,
        "sf": 1,
        "totalBases": 24
      },
      "pitching": {
        "games": 5,
        "ip": 5.66,
        "bf": 23,
        "so": 4,
        "bb": 2,
        "h": 3,
        "hr": 0,
        "r": 2,
        "er": 0,
        "w": 0,
        "l": 0,
        "sv": 1,
        "hld": 0,
        "cs": 0,
        "csAttempts": 0
      },
      "pitchingCalculated": {
        "era": 0,
        "whip": 0.8833922261484098,
        "fip": null,
        "kPer9": 6.360424028268551,
        "bbPer9": 3.1802120141342756,
        "hPer9": 4.770318021201414,
        "csPercentage": 0
      },
      "rankings": {
        "rc": 51,
        "hits": 59,
        "hr": 1647,
        "rbi": 56,
        "avg": 46,
        "w": 1631,
        "sv": 18,
        "so": 142,
        "era": 917,
        "whip": 157,
        "fip": 0
      }
    },
    {
      "year": 2018,
      "team": "ALLSTAR",
      "number": "9",
      "batting": {
        "games": 18,
        "pa": 81,
        "ab": 68,
        "hits": 30,
        "singles": 16,
        "doubles": 13,
        "triples": 0,
        "hr": 1,
        "rbi": 29,
        "runs": 28,
        "bb": 7,
        "so": 2,
        "sb": 4,
        "sf": 2,
        "totalBases": 46
      },
      "pitching": {
        "games": 5,
        "ip": 18.66,
        "bf": 89,
        "so": 30,
        "bb": 7,
        "h": 20,
        "hr": 0,
        "r": 10,
        "er": 4,
        "w": 3,
        "l": 0,
        "sv": 1,
        "hld": 0,
        "cs": 0,
        "csAttempts": 0
      },
      "pitchingCalculated": {
        "era": 1.9292604501607717,
        "whip": 1.4469453376205788,
        "fip": 1.11,
        "kPer9": 14.469453376205788,
        "bbPer9": 3.3762057877813505,
        "hPer9": 9.646302250803858,
        "csPercentage": 0
      },
      "rankings": {
        "rc": 9,
        "hits": 8,
        "hr": 41,
        "rbi": 3,
        "avg": 23,
        "w": 15,
        "sv": 34,
        "so": 19,
        "era": 940,
        "whip": 5,
        "fip": 4
      }
    },
    {
      "year": 2017,
      "team": "ALLSTAR",
      "number": "ARR005",
      "batting": {
        "games": 15,
        "pa": 54,
        "ab": 41,
        "hits": 15,
        "singles": 12,
        "doubles": 2,
        "triples": 1,
        "hr": 0,
        "rbi": 12,
        "runs": 15,
        "bb": 4,
        "so": 3,
        "sb": 1,
        "sf": 1,
        "totalBases": 19
      },
      "pitching": {
        "games": 2,
        "ip": 8,
        "bf": 39,
        "so": 5,
        "bb": 4,
        "h": 9,
        "hr": 0,
        "r": 4,
        "er": 1,
        "w": 0,
        "l": 0,
        "sv": 0,
        "hld": 0,
        "cs": 0,
        "csAttempts": 1
      },
      "pitchingCalculated": {
        "era": 1.125,
        "whip": 1.625,
        "fip": null,
        "kPer9": 5.625,
        "bbPer9": 4.5,
        "hPer9": 10.125,
        "csPercentage": 0
      },
      "rankings": {
        "rc": 86,
        "hits": 101,
        "hr": 957,
        "rbi": 83,
        "avg": 67,
        "w": 662,
        "sv": 618,
        "so": 140,
        "era": 139,
        "whip": 139,
        "fip": 0
      }
    },
    {
      "year": 2016,
      "team": "ALLSTAR",
      "number": "ARR005",
      "batting": {
        "games": 17,
        "pa": 71,
        "ab": 52,
        "hits": 28,
        "singles": 19,
        "doubles": 9,
        "triples": 0,
        "hr": 0,
        "rbi": 14,
        "runs": 26,
        "bb": 7,
        "so": 4,
        "sb": 9,
        "sf": 2,
        "totalBases": 37
      },
      "pitching": {
        "games": 5,
        "ip": 10,
        "bf": 53,
        "so": 11,
        "bb": 7,
        "h": 14,
        "hr": 0,
        "r": 15,
        "er": 7,
        "w": 1,
        "l": 1,
        "sv": 2,
        "hld": 0,
        "cs": 0,