{
  "id": "BLA029",
  "code": "BLA029",
  "name": "陳首亨",
  "photo": "",
  "career": {
    "debut": 2009,
    "teams": [
      "黑名單"
    ],
    "totalSeasons": 2
  },
  "seasons": [
    {
      "year": 2010,
      "team": "黑名單",
      "number": "BLA029",
      "batting": {
        "games": 9,
        "pa": 28,
        "ab": 26,
        "hits": 6,
        "singles": 5,
        "doubles": 1,
        "triples": 0,
        "hr": 0,
        "rbi": 5,
        "runs": 5,
        "bb": 27,
        "so": 4,
        "sb": 0,
        "sf": 0,
        "totalBases": 7
      },
      "pitching": {
        "games": 8,
        "ip": 17.33266667,
        "bf": 105,
        "so": 22,
        "bb": 27,
        "h": 20,
        "hr": 0,
        "r": 26,
        "er": 22,
        "w": 0,
        "l": 0,
        "sv": 0,
        "hld": 0,
        "cs": 0,
        "csAttempts": 0
      },
      "pitchingCalculated": {
        "era": 11.423516286891129,
        "whip": 2.7116427549691062,
        "fip": 5.335,
        "kPer9": 11.423516286891129,
        "bbPer9": 14.019769988457295,
        "hPer9": 10.385014806264662,
        "csPercentage": 0
      },
      "rankings": {
        "rc": 99,
        "hits": 80,
        "hr": 168,
        "rbi": 71,
        "avg": 450,
        "w": 119,
        "sv": 109,
        "so": 16,
        "era": 120,
        "whip": 120,
        "fip": 26
      }
    },
    {
      "year": 2009,
      "team": "黑名單",
      "number": "BLA029",
      "batting": {
        "games": 7,
        "pa": 24,
        "ab": 18,
        "hits": 5,
        "singles": 3,
        "doubles": 2,
        "triples": 0,
        "hr": 0,
        "rbi": 1,
        "runs": 8,
        "bb": 16,
        "so": 6,
        "sb": 0,
        "sf": 0,
        "totalBases": 7
      },
      "pitching": {
        "games": 5,
        "ip": 10.66666667,
        "bf": 66,
        "so": 11,
        "bb": 16,
        "h": 15,
        "hr": 0,
        "r": 19,
        "er": 14,
        "w": 0,
        "l": 2,
        "sv": 0,
        "hld": 0,
        "cs": 0,
        "csAttempts": 0
      },
      "pitchingCalculated": {
        "era": 11.812499996308594,
        "whip": 2.906249999091797,
        "fip": 5.638,
        "kPer9": 9.281249997099609,
        "bbPer9": 13.49999999578125,
        "hPer9": 12.656249996044922,
        "csPercentage": 0
      },
      "rankings": {
        "rc": 58,
        "hits": 70,
        "hr": 240,
        "rbi": 95,
        "avg": 450,
        "w": 106,
        "sv": 103,
        "so": 19,
        "era": 120,
        "whip": 120,
        "fip": 20
      }
    }
  ]
}