{
  "id": "BLA030",
  "code": "BLA030",
  "name": "馬國宸",
  "photo": "",
  "career": {
    "debut": 2009,
    "teams": [
      "黑名單"
    ],
    "totalSeasons": 2
  },
  "seasons": [
    {
      "year": 2010,
      "team": "黑名單",
      "number": "BLA030",
      "batting": {
        "games": 14,
        "pa": 30,
        "ab": 27,
        "hits": 7,
        "singles": 7,
        "doubles": 0,
        "triples": 0,
        "hr": 0,
        "rbi": 2,
        "runs": 5,
        "bb": 3,
        "so": 3,
        "sb": 0,
        "sf": 0,
        "totalBases": 7
      },
      "pitching": {
        "games": 13,
        "ip": 23.33266667,
        "bf": 162,
        "so": 23,
        "bb": 34,
        "h": 46,
        "hr": 0,
        "r": 51,
        "er": 34,
        "w": 3,
        "l": 2,
        "sv": 1,
        "hld": 1,
        "cs": 0,
        "csAttempts": 0
      },
      "pitchingCalculated": {
        "era": 13.114660416995536,
        "whip": 3.4286693900641922,
        "fip": 5.6,
        "kPer9": 8.871682046791097,
        "bbPer9": 13.114660416995536,
        "hPer9": 17.743364093582194,
        "csPercentage": 0
      },
      "rankings": {
        "rc": 90,
        "hits": 74,
        "hr": 171,
        "rbi": 112,
        "avg": 450,
        "w": 6,
        "sv": 15,
        "so": 14,
        "era": 20,
        "whip": 20,
        "fip": 27
      }
    },
    {
      "year": 2009,
      "team": "黑名單",
      "number": "BLA030",
      "batting": {
        "games": 7,
        "pa": 24,
        "ab": 21,
        "hits": 2,
        "singles": 2,
        "doubles": 0,
        "triples": 0,
        "hr": 0,
        "rbi": 4,
        "runs": 4,
        "bb": 3,
        "so": 5,
        "sb": 0,
        "sf": 0,
        "totalBases": 2
      },
      "pitching": {
        "games": 13,
        "ip": 19.33333333,
        "bf": 119,
        "so": 11,
        "bb": 18,
        "h": 26,
        "hr": 0,
        "r": 33,
        "er": 7,
        "w": 1,
        "l": 4,
        "sv": 1,
        "hld": 0,
        "cs": 0,
        "csAttempts": 0
      },
      "pitchingCalculated": {
        "era": 3.2586206902170036,
        "whip": 2.2758620693579075,
        "fip": 4.855,
        "kPer9": 5.1206896560552915,
        "bbPer9": 8.379310346272295,
        "hPer9": 12.103448277948871,
        "csPercentage": 0
      },
      "rankings": {
        "rc": 165,
        "hits": 95,
        "hr": 247,
        "rbi": 65,
        "avg": 450,
        "w": 13,
        "sv": 10,
        "so": 22,
        "era": 120,
        "whip": 120,
        "fip": 17
      }
    }
  ]
}