{
  "id": "BLA026",
  "code": "BLA026",
  "name": "陳冠羽",
  "photo": "",
  "career": {
    "debut": 2009,
    "teams": [
      "黑名單"
    ],
    "totalSeasons": 2
  },
  "seasons": [
    {
      "year": 2010,
      "team": "黑名單",
      "number": "BLA026",
      "batting": {
        "games": 19,
        "pa": 65,
        "ab": 58,
        "hits": 17,
        "singles": 16,
        "doubles": 1,
        "triples": 0,
        "hr": 0,
        "rbi": 9,
        "runs": 16,
        "bb": 29,
        "so": 10,
        "sb": 0,
        "sf": 1,
        "totalBases": 18
      },
      "pitching": {
        "games": 7,
        "ip": 20.667,
        "bf": 141,
        "so": 13,
        "bb": 29,
        "h": 44,
        "hr": 0,
        "r": 49,
        "er": 29,
        "w": 0,
        "l": 5,
        "sv": 0,
        "hld": 0,
        "cs": 0,
        "csAttempts": 0
      },
      "pitchingCalculated": {
        "era": 12.628828567281172,
        "whip": 3.532201093530749,
        "fip": 6.152,
        "kPer9": 5.661199012919146,
        "bbPer9": 12.628828567281172,
        "hPer9": 19.160981274495573,
        "csPercentage": 0
      },
      "rankings": {
        "rc": 50,
        "hits": 27,
        "hr": 206,
        "rbi": 46,
        "avg": 36,
        "w": 120,
        "sv": 112,
        "so": 30,
        "era": 19,
        "whip": 21,
        "fip": 28
      }
    },
    {
      "year": 2009,
      "team": "黑名單",
      "number": "BLA026",
      "batting": {
        "games": 9,
        "pa": 30,
        "ab": 25,
        "hits": 5,
        "singles": 5,
        "doubles": 0,
        "triples": 0,
        "hr": 0,
        "rbi": 1,
        "runs": 11,
        "bb": 44,
        "so": 4,
        "sb": 0,
        "sf": 0,
        "totalBases": 5
      },
      "pitching": {
        "games": 8,
        "ip": 24.66666667,
        "bf": 161,
        "so": 17,
        "bb": 44,
        "h": 37,
        "hr": 1,
        "r": 52,
        "er": 38,
        "w": 0,
        "l": 3,
        "sv": 0,
        "hld": 0,
        "cs": 0,
        "csAttempts": 0
      },
      "pitchingCalculated": {
        "era": 13.864864862991233,
        "whip": 3.283783783340029,
        "fip": 7.7,
        "kPer9": 6.202702701864499,
        "bbPer9": 16.054054051884588,
        "hPer9": 13.499999998175674,
        "csPercentage": 0
      },
      "rankings": {
        "rc": 74,
        "hits": 72,
        "hr": 250,
        "rbi": 97,
        "avg": 450,
        "w": 108,
        "sv": 112,
        "so": 14,
        "era": 12,
        "whip": 12,
        "fip": 23
      }
    }
  ]
}