{
  "id": "BLA028",
  "code": "BLA028",
  "name": "蘇運翔",
  "photo": "",
  "career": {
    "debut": 2009,
    "teams": [
      "黑名單"
    ],
    "totalSeasons": 2
  },
  "seasons": [
    {
      "year": 2010,
      "team": "黑名單",
      "number": "BLA028",
      "batting": {
        "games": 16,
        "pa": 63,
        "ab": 56,
        "hits": 17,
        "singles": 10,
        "doubles": 5,
        "triples": 1,
        "hr": 0,
        "rbi": 10,
        "runs": 14,
        "bb": 7,
        "so": 4,
        "sb": 0,
        "sf": 0,
        "totalBases": 23
      },
      "pitching": {
        "games": 4,
        "ip": 22,
        "bf": 131,
        "so": 24,
        "bb": 19,
        "h": 42,
        "hr": 0,
        "r": 34,
        "er": 26,
        "w": 1,
        "l": 2,
        "sv": 0,
        "hld": 0,
        "cs": 0,
        "csAttempts": 0
      },
      "pitchingCalculated": {
        "era": 10.636363636363637,
        "whip": 2.772727272727273,
        "fip": 3.609,
        "kPer9": 9.818181818181818,
        "bbPer9": 7.7727272727272725,
        "hPer9": 17.181818181818183,
        "csPercentage": 0
      },
      "rankings": {
        "rc": 33,
        "hits": 26,
        "hr": 205,
        "rbi": 41,
        "avg": 33,
        "w": 29,
        "sv": 113,
        "so": 12,
        "era": 17,
        "whip": 18,
        "fip": 8
      }
    },
    {
      "year": 2009,
      "team": "黑名單",
      "number": "BLA028",
      "batting": {
        "games": 11,
        "pa": 38,
        "ab": 35,
        "hits": 10,
        "singles": 8,
        "doubles": 1,
        "triples": 1,
        "hr": 0,
        "rbi": 4,
        "runs": 9,
        "bb": 3,
        "so": 5,
        "sb": 0,
        "sf": 0,
        "totalBases": 13
      },
      "pitching": {
        "games": 10,
        "ip": 35.33333333,
        "bf": 211,
        "so": 25,
        "bb": 34,
        "h": 54,
        "hr": 0,
        "r": 60,
        "er": 36,
        "w": 2,
        "l": 2,
        "sv": 0,
        "hld": 0,
        "cs": 0,
        "csAttempts": 0
      },
      "pitchingCalculated": {
        "era": 9.169811321619793,
        "whip": 2.490566037970808,
        "fip": 4.672,
        "kPer9": 6.367924528902634,
        "bbPer9": 8.660377359307581,
        "hPer9": 13.75471698242969,
        "csPercentage": 0
      },
      "rankings": {
        "rc": 50,
        "hits": 46,
        "hr": 262,
        "rbi": 68,
        "avg": 450,
        "w": 11,
        "sv": 111,
        "so": 8,
        "era": 11,
        "whip": 10,
        "fip": 14
      }
    }
  ]
}