{
  "id": "EAG031",
  "code": "EAG031",
  "name": "朱家緯",
  "photo": "",
  "career": {
    "debut": 2014,
    "teams": [
      "冒險家",
      "火把老鷹"
    ],
    "totalSeasons": 7
  },
  "seasons": [
    {
      "year": 2020,
      "team": "冒險家",
      "number": "98",
      "batting": {
        "games": 9,
        "pa": 24,
        "ab": 23,
        "hits": 11,
        "singles": 11,
        "doubles": 0,
        "triples": 0,
        "hr": 0,
        "rbi": 4,
        "runs": 7,
        "bb": 1,
        "so": 0,
        "sb": 1,
        "sf": 0,
        "totalBases": 11
      },
      "pitching": {
        "games": 13,
        "ip": 43.667,
        "bf": 223,
        "so": 36,
        "bb": 25,
        "h": 61,
        "hr": 0,
        "r": 39,
        "er": 23,
        "w": 1,
        "l": 2,
        "sv": 0,
        "hld": 0,
        "cs": 0,
        "csAttempts": 0
      },
      "pitchingCalculated": {
        "era": 4.740421828841001,
        "whip": 1.9694506148808024,
        "fip": 3.269,
        "kPer9": 7.419790688620697,
        "bbPer9": 5.152632422653262,
        "hPer9": 12.57242311127396,
        "csPercentage": 0
      },
      "rankings": {
        "rc": 179,
        "hits": 127,
        "hr": 1416,
        "rbi": 246,
        "avg": 1101,
        "w": 103,
        "sv": 1671,
        "so": 23,
        "era": 1101,
        "whip": 31,
        "fip": 30
      }
    },
    {
      "year": 2019,
      "team": "冒險家",
      "number": "104",
      "batting": {
        "games": 14,
        "pa": 45,
        "ab": 43,
        "hits": 14,
        "singles": 13,
        "doubles": 1,
        "triples": 0,
        "hr": 0,
        "rbi": 13,
        "runs": 5,
        "bb": 2,
        "so": 3,
        "sb": 1,
        "sf": 0,
        "totalBases": 15
      },
      "pitching": {
        "games": 16,
        "ip": 53,
        "bf": 298,
        "so": 50,
        "bb": 29,
        "h": 93,
        "hr": 1,
        "r": 74,
        "er": 45,
        "w": 4,
        "l": 5,
        "sv": 2,
        "hld": 0,
        "cs": 0,
        "csAttempts": 0
      },
      "pitchingCalculated": {
        "era": 7.6415094339622645,
        "whip": 2.30188679245283,
        "fip": 3.2,
        "kPer9": 8.49056603773585,
        "bbPer9": 4.9245283018867925,
        "hPer9": 15.79245283018868,
        "csPercentage": 0
      },
      "rankings": {
        "rc": 156,
        "hits": 90,
        "hr": 1590,
        "rbi": 50,
        "avg": 917,
        "w": 16,
        "sv": 14,
        "so": 13,
        "era": 917,
        "whip": 34,
        "fip": 33
      }
    },
    {
      "year": 2018,
      "team": "冒險家",
      "number": "104",
      "batting": {
        "games": 20,
        "pa": 16,
        "ab": 16,
        "hits": 7,
        "singles": 7,
        "doubles": 0,
        "triples": 0,
        "hr": 0,
        "rbi": 4,
        "runs": 4,
        "bb": 0,
        "so": 0,
        "sb": 2,
        "sf": 0,
        "totalBases": 7
      },
      "pitching": {
        "games": 16,
        "ip": 76.325,
        "bf": 385,
        "so": 55,
        "bb": 56,
        "h": 102,
        "hr": 0,
        "r": 90,
        "er": 62,
        "w": 7,
        "l": 2,
        "sv": 1,
        "hld": 1,
        "cs": 0,
        "csAttempts": 0
      },
      "pitchingCalculated": {
        "era": 7.310841794955781,
        "whip": 2.070094988535866,
        "fip": 3.96,
        "kPer9": 6.4854241729446445,
        "bbPer9": 6.603340976089092,
        "hPer9": 12.027513920733703,
        "csPercentage": 0
      },
      "rankings": {
        "rc": 255,
        "hits": 222,
        "hr": 1385,
        "rbi": 237,
        "avg": 940,
        "w": 4,
        "sv": 42,
        "so": 6,
        "era": 940,
        "whip": 30,
        "fip": 47
      }
    },
    {
      "year": 2017,
      "team": "冒險家",
      "number": "EAG031",
      "batting": {
        "games": 14,
        "pa": 15,
        "ab": 14,
        "hits": 3,
        "singles": 3,
        "doubles": 0,
        "triples": 0,
        "hr": 0,
        "rbi": 1,
        "runs": 3,
        "bb": 1,
        "so": 1,
        "sb": 0,
        "sf": 0,
        "totalBases": 3
      },
      "pitching": {
        "games": 11,
        "ip": 26.66653333,
        "bf": 150,
        "so": 25,
        "bb": 17,
        "h": 44,
        "hr": 0,
        "r": 33,
        "er": 25,
        "w": 4,
        "l": 1,
        "sv": 2,
        "hld": 0,
        "cs": 0,
        "csAttempts": 0
      },
      "pitchingCalculated": {
        "era": 8.437542188765637,
        "whip": 2.2875114378431283,
        "fip": 3.238,
        "kPer9": 8.437542188765637,
        "bbPer9": 5.737528688360633,
        "hPer9": 14.85007425222752,
        "csPercentage": 0
      },
      "rankings": {
        "rc": 479,
        "hits": 410,
        "hr": 712,
        "rbi": 501,
        "avg": 340,
        "w": 8,
        "sv": 11,
        "so": 36,
        "era": 34,
        "whip": 23,
        "fip": 23
      }
    },
    {
      "year": 2016,
      "team": "火把老鷹",
      "number": "EAG031",
      "batting": {
        "games": 9,
        "pa": 19,
        "ab": 19,
        "hits": 5,
        "singles": 5,
        "doubles": 0,
        "triples": 0,
        "hr": 0,
        "rbi": 2,
        "runs": 4,
        "bb": 0,
        "so": 0,
        "sb": 1,
        "sf": 0,
        "totalBases": 5
      },
      "pitching": {
        "games": 4,
        "ip": 8,
        "bf": 37,
        "so": 11,
        "bb": 8,
        "h": 5,
        "hr": 1,
        "r": 7,
        "er": 5,
        "w": 1,
        "l": 0,
        "sv": 0,
        "hld": 0,
        "cs": 0,
        "csAttempts": 1
      },
      "pitchingCalculated": {
        "era": 5.625,
        "whip": 1.625,
        "fip": null,
        "kPer9": 12.375,
        "bbPer9": 9,
        "hPer9": 5.625,
        "csPercentage": 0
      },
      "rankings": {
        "rc": 387,
        "hits": 310,
        "hr": 676,
        "rbi": 406,
        "avg": 349,
        "w": 57,
        "sv": 594,
        "so": 81,
        "era": 119,
        "whip": 119,
        "fip": 0
      }
    },
    {
      "year": 2015,
      "team": "火把老鷹",
      "number": "EAG031",
      "batting": {
        "games": 9,
        "pa": 22,
        "ab": 21,
        "hits": 5,
        "singles": 5,
        "doubles": 0,
        "triples": 0,
        "hr": 0,
        "rbi": 2,
        "runs": 2,
        "bb": 1,
        "so": 3,
        "sb": 0,
        "sf": 0,
        "totalBases": 5
      },
      "pitching": {
        "games": 2,
        "ip": 4.666666667,
        "bf": 30,
        "so": 6,
        "bb": 3,
        "h": 5,
        "hr": 0,
        "r": 14,
        "er": 13,
        "w": 0,
        "l": 0,
        "sv": 0,
        "hld": 0,
        "cs": 0,
        "csAttempts": 0
      },
      "pitchingCalculated": {
        "era": 25.071428569637753,
        "whip": 1.7142857141632653,
        "fip": null,
        "kPer9": 11.57142857060204,
        "bbPer9": 5.78571428530102,
        "hPer9": 9.642857142168367,
        "csPercentage": 0
      },
      "rankings": {
        "rc": 386,
        "hits": 276,
        "hr": 671,
        "rbi": 376,
        "avg": 624,
        "w": 588,
        "sv": 542,
        "so": 102,
        "era": 130,
        "whip": 130,
        "fip": 0
      }
    },
    {
      "year": 2014,
      "team": "火把老鷹",
      "number": "EAG031",
      "batting": {
        "games": 10,
        "pa": 33,
        "ab": 28,
        "hits": 7,
        "singles": 5,
        "doubles": 2,
        "triples": 0,
        "hr": 0,
        "rbi": 3,
        "runs": 6,
        "bb": 5,
        "so": 5,
        "sb": 4,
        "sf": 0,
        "totalBases": 9
      },
      "pitching": {
        "games": 5,
        "ip": 15.99333333,
        "bf": 92,
        "so": 20,
        "bb": 13,
        "h": 29,
        "hr": 0,
        "r": 25,
        "er": 18,
        "w": 1,
        "l": 1,
        "sv": 0,
        "hld": 0,