{
  "id": "GEO078",
  "code": "GEO078",
  "name": "王宣儒",
  "photo": "",
  "career": {
    "debut": 2019,
    "teams": [
      "聖騎士",
      "台大地理OB"
    ],
    "totalSeasons": 2
  },
  "seasons": [
    {
      "year": 2020,
      "team": "聖騎士",
      "number": "102",
      "batting": {
        "games": 7,
        "pa": 12,
        "ab": 11,
        "hits": 1,
        "singles": 1,
        "doubles": 0,
        "triples": 0,
        "hr": 0,
        "rbi": 1,
        "runs": 1,
        "bb": 1,
        "so": 1,
        "sb": 0,
        "sf": 0,
        "totalBases": 1
      },
      "pitching": {
        "games": 8,
        "ip": 19.333,
        "bf": 123,
        "so": 19,
        "bb": 22,
        "h": 34,
        "hr": 2,
        "r": 45,
        "er": 28,
        "w": 0,
        "l": 3,
        "sv": 1,
        "hld": 0,
        "cs": 0,
        "csAttempts": 0
      },
      "pitchingCalculated": {
        "era": 13.03470749495681,
        "whip": 2.896601665545958,
        "fip": 5.993,
        "kPer9": 8.84498008586355,
        "bbPer9": 10.241555888894636,
        "hPer9": 15.827859101018984,
        "csPercentage": 0
      },
      "rankings": {
        "rc": 1032,
        "hits": 595,
        "hr": 1280,
        "rbi": 491,
        "avg": 1101,
        "w": 1677,
        "sv": 38,
        "so": 53,
        "era": 1101,
        "whip": 58,
        "fip": 79
      }
    },
    {
      "year": 2019,
      "team": "台大地理OB",
      "number": "101",
      "batting": {
        "games": 5,
        "pa": 14,
        "ab": 12,
        "hits": 5,
        "singles": 4,
        "doubles": 1,
        "triples": 0,
        "hr": 0,
        "rbi": 1,
        "runs": 4,
        "bb": 2,
        "so": 3,
        "sb": 1,
        "sf": 0,
        "totalBases": 6
      },
      "pitching": {
        "games": 4,
        "ip": 16.67,
        "bf": 103,
        "so": 25,
        "bb": 20,
        "h": 23,
        "hr": 0,
        "r": 30,
        "er": 18,
        "w": 1,
        "l": 2,
        "sv": 0,
        "hld": 0,
        "cs": 0,
        "csAttempts": 0
      },
      "pitchingCalculated": {
        "era": 9.718056388722255,
        "whip": 2.579484103179364,
        "fip": 3.8,
        "kPer9": 13.49730053989202,
        "bbPer9": 10.797840431913617,
        "hPer9": 12.417516496700658,
        "csPercentage": 0
      },
      "rankings": {
        "rc": 284,
        "hits": 279,
        "hr": 1344,
        "rbi": 450,
        "avg": 917,
        "w": 76,
        "sv": 1649,
        "so": 37,
        "era": 917,
        "whip": 44,
        "fip": 41
      }
    }
  ]
}