{
  "id": "HOL032",
  "code": "HOL032",
  "name": "林宗正",
  "photo": "",
  "career": {
    "debut": 2014,
    "teams": [
      "逆轉星球",
      "颶風",
      "HOLYBAT"
    ],
    "totalSeasons": 6
  },
  "seasons": [
    {
      "year": 2020,
      "team": "逆轉星球",
      "number": "77",
      "batting": {
        "games": 14,
        "pa": 60,
        "ab": 51,
        "hits": 25,
        "singles": 16,
        "doubles": 9,
        "triples": 0,
        "hr": 0,
        "rbi": 19,
        "runs": 10,
        "bb": 7,
        "so": 9,
        "sb": 2,
        "sf": 2,
        "totalBases": 34
      },
      "pitching": {
        "games": 7,
        "ip": 18.666,
        "bf": 99,
        "so": 9,
        "bb": 12,
        "h": 33,
        "hr": 1,
        "r": 23,
        "er": 2,
        "w": 1,
        "l": 1,
        "sv": 0,
        "hld": 0,
        "cs": 0,
        "csAttempts": 0
      },
      "pitchingCalculated": {
        "era": 0.9643201542912246,
        "whip": 2.4108003857280615,
        "fip": 4.861,
        "kPer9": 4.339440694310511,
        "bbPer9": 5.785920925747348,
        "hPer9": 15.911282545805207,
        "csPercentage": 0
      },
      "rankings": {
        "rc": 21,
        "hits": 19,
        "hr": 1641,
        "rbi": 14,
        "avg": 11,
        "w": 94,
        "sv": 1640,
        "so": 95,
        "era": 1101,
        "whip": 52,
        "fip": 65
      }
    },
    {
      "year": 2019,
      "team": "逆轉星球",
      "number": "77",
      "batting": {
        "games": 16,
        "pa": 52,
        "ab": 47,
        "hits": 14,
        "singles": 11,
        "doubles": 2,
        "triples": 0,
        "hr": 1,
        "rbi": 12,
        "runs": 9,
        "bb": 4,
        "so": 8,
        "sb": 0,
        "sf": 1,
        "totalBases": 19
      },
      "pitching": {
        "games": 10,
        "ip": 22.656,
        "bf": 121,
        "so": 23,
        "bb": 6,
        "h": 42,
        "hr": 0,
        "r": 30,
        "er": 5,
        "w": 3,
        "l": 1,
        "sv": 1,
        "hld": 0,
        "cs": 0,
        "csAttempts": 0
      },
      "pitchingCalculated": {
        "era": 1.9862288135593222,
        "whip": 2.1186440677966103,
        "fip": 1.964,
        "kPer9": 9.136652542372882,
        "bbPer9": 2.3834745762711864,
        "hPer9": 16.684322033898304,
        "csPercentage": 0
      },
      "rankings": {
        "rc": 129,
        "hits": 92,
        "hr": 21,
        "rbi": 68,
        "avg": 73,
        "w": 21,
        "sv": 39,
        "so": 41,
        "era": 917,
        "whip": 27,
        "fip": 11
      }
    },
    {
      "year": 2018,
      "team": "逆轉星球",
      "number": "77",
      "batting": {
        "games": 13,
        "pa": 43,
        "ab": 38,
        "hits": 15,
        "singles": 12,
        "doubles": 3,
        "triples": 0,
        "hr": 0,
        "rbi": 12,
        "runs": 9,
        "bb": 4,
        "so": 5,
        "sb": 0,
        "sf": 1,
        "totalBases": 18
      },
      "pitching": {
        "games": 11,
        "ip": 24.326,
        "bf": 120,
        "so": 24,
        "bb": 11,
        "h": 27,
        "hr": 0,
        "r": 15,
        "er": 5,
        "w": 2,
        "l": 0,
        "sv": 2,
        "hld": 0,
        "cs": 0,
        "csAttempts": 0
      },
      "pitchingCalculated": {
        "era": 1.849872564334457,
        "whip": 1.5621146098824303,
        "fip": 2.583,
        "kPer9": 8.879388308805392,
        "bbPer9": 4.069719641535805,
        "hPer9": 9.989311847406068,
        "csPercentage": 0
      },
      "rankings": {
        "rc": 118,
        "hits": 84,
        "hr": 1571,
        "rbi": 63,
        "avg": 940,
        "w": 38,
        "sv": 11,
        "so": 35,
        "era": 940,
        "whip": 9,
        "fip": 15
      }
    },
    {
      "year": 2017,
      "team": "颶風",
      "number": "HOL032",
      "batting": {
        "games": 14,
        "pa": 64,
        "ab": 55,
        "hits": 21,
        "singles": 13,
        "doubles": 6,
        "triples": 1,
        "hr": 1,
        "rbi": 16,
        "runs": 15,
        "bb": 4,
        "so": 10,
        "sb": 0,
        "sf": 3,
        "totalBases": 32
      },
      "pitching": {
        "games": 10,
        "ip": 27.66666667,
        "bf": 175,
        "so": 35,
        "bb": 23,
        "h": 62,
        "hr": 0,
        "r": 55,
        "er": 46,
        "w": 1,
        "l": 3,
        "sv": 1,
        "hld": 0,
        "cs": 0,
        "csAttempts": 0
      },
      "pitchingCalculated": {
        "era": 14.963855419883872,
        "whip": 3.0722891562563506,
        "fip": 3.164,
        "kPer9": 11.385542167302946,
        "bbPer9": 7.481927709941936,
        "hPer9": 20.16867469636522,
        "csPercentage": 0
      },
      "rankings": {
        "rc": 71,
        "hits": 44,
        "hr": 54,
        "rbi": 48,
        "avg": 57,
        "w": 99,
        "sv": 48,
        "so": 21,
        "era": 53,
        "whip": 47,
        "fip": 21
      }
    },
    {
      "year": 2016,
      "team": "颶風",
      "number": "HOL032",
      "batting": {
        "games": 8,
        "pa": 23,
        "ab": 20,
        "hits": 10,
        "singles": 7,
        "doubles": 3,
        "triples": 0,
        "hr": 0,
        "rbi": 2,
        "runs": 9,
        "bb": 3,
        "so": 3,
        "sb": 1,
        "sf": 0,
        "totalBases": 13
      },
      "pitching": {
        "games": 6,
        "ip": 17.66666667,
        "bf": 88,
        "so": 23,
        "bb": 10,
        "h": 21,
        "hr": 1,
        "r": 17,
        "er": 15,
        "w": 2,
        "l": 0,
        "sv": 1,
        "hld": 0,
        "cs": 0,
        "csAttempts": 0
      },
      "pitchingCalculated": {
        "era": 7.641509432520469,
        "whip": 1.7547169808009966,
        "fip": 3.03,
        "kPer9": 11.71698112986472,
        "bbPer9": 5.094339621680313,
        "hPer9": 10.698113205528657,
        "csPercentage": 0
      },
      "rankings": {
        "rc": 170,
        "hits": 169,
        "hr": 702,
        "rbi": 410,
        "avg": 349,
        "w": 38,
        "sv": 40,
        "so": 40,
        "era": 35,
        "whip": 15,
        "fip": 22
      }
    },
    {
      "year": 2014,
      "team": "HOLYBAT",
      "number": "HOL032",
      "batting": {
        "games": 2,
        "pa": 5,
        "ab": 5,
        "hits": 3,
        "singles": 1,
        "doubles": 1,
        "triples": 1,
        "hr": 0,
        "rbi": 0,
        "runs": 1,
        "bb": 0,
        "so": 0,
        "sb": 0,
        "sf": 0,
        "totalBases": 6
      },
      "pitching": {
        "games": 2,
        "ip": 7.67,
        "bf": 39,
        "so": 8,
        "bb": 3,
        "h": 10,
        "hr": 0,
        "r": 6,
        "er": 3,
        "w": 1,
        "l": 0,
        "sv": 0,
        "hld": 0,
        "cs": 0,
        "csAttempts": 0
      },
      "pitchingCalculated": {
        "era": 3.5202086049543677,
        "whip": 1.694915254237288,
        "fip": null,
        "kPer9": 9.38722294654498,
        "bbPer9": 3.5202086049543677,
        "hPer9": 11.734028683181226,
        "csPercentage": 0
      },
      "rankings": {
        "rc": 215,
        "hits": 264,
        "hr": 298,
        "rbi": 630,
        "avg": 327,
        "w": 50,
        "sv": 452,
        "so": 75,
        "era": 115,
        "whip": 115,
        "fip": 0
      }
    }
  ]
}