{
  "id": "KUP001",
  "code": "KUP001",
  "name": "吳英信",
  "photo": "",
  "career": {
    "debut": 2021,
    "teams": [
      "極品酷寶"
    ],
    "totalSeasons": 4
  },
  "seasons": [
    {
      "year": 2024,
      "team": "極品酷寶",
      "number": "64",
      "batting": {
        "games": 9,
        "pa": 34,
        "ab": 26,
        "hits": 10,
        "singles": 7,
        "doubles": 3,
        "triples": 0,
        "hr": 0,
        "rbi": 4,
        "runs": 8,
        "bb": 7,
        "so": 3,
        "sb": 1,
        "sf": 1,
        "totalBases": 13
      },
      "pitching": {
        "games": 4,
        "ip": 15.33336667,
        "bf": 93,
        "so": 17,
        "bb": 9,
        "h": 34,
        "hr": 0,
        "r": 28,
        "er": 12,
        "w": 1,
        "l": 1,
        "sv": 0,
        "hld": 0,
        "cs": 0,
        "csAttempts": 0
      },
      "pitchingCalculated": {
        "era": 7.043462947462404,
        "whip": 2.8043417290822537,
        "fip": 2.743480815,
        "kPer9": 9.97823917557174,
        "bbPer9": 5.282597210596804,
        "hPer9": 19.95647835114348,
        "csPercentage": 0
      },
      "rankings": {
        "rc": 31,
        "hits": 43,
        "hr": 1375,
        "rbi": 122,
        "avg": 37,
        "w": 56,
        "sv": 1385,
        "so": 17,
        "era": 903,
        "whip": 46,
        "fip": 21
      }
    },
    {
      "year": 2023,
      "team": "極品酷寶",
      "number": "64",
      "batting": {
        "games": 7,
        "pa": 28,
        "ab": 21,
        "hits": 8,
        "singles": 8,
        "doubles": 0,
        "triples": 0,
        "hr": 0,
        "rbi": 4,
        "runs": 11,
        "bb": 7,
        "so": 2,
        "sb": 1,
        "sf": 0,
        "totalBases": 8
      },
      "pitching": {
        "games": 5,
        "ip": 11.66666667,
        "bf": 62,
        "so": 12,
        "bb": 9,
        "h": 15,
        "hr": 0,
        "r": 14,
        "er": 4,
        "w": 1,
        "l": 1,
        "sv": 1,
        "hld": 0,
        "cs": 0,
        "csAttempts": 1
      },
      "pitchingCalculated": {
        "era": 3.0857142848326533,
        "whip": 2.057142856555102,
        "fip": 3.457144421,
        "kPer9": 9.257142854497959,
        "bbPer9": 6.942857140873469,
        "hPer9": 11.57142856812245,
        "csPercentage": 0
      },
      "rankings": {
        "rc": 49,
        "hits": 59,
        "hr": 1358,
        "rbi": 118,
        "avg": 39,
        "w": 50,
        "sv": 27,
        "so": 27,
        "era": 896,
        "whip": 22,
        "fip": 31
      }
    },
    {
      "year": 2022,
      "team": "極品酷寶",
      "number": "64",
      "batting": {
        "games": 10,
        "pa": 37,
        "ab": 28,
        "hits": 10,
        "singles": 8,
        "doubles": 2,
        "triples": 0,
        "hr": 0,
        "rbi": 4,
        "runs": 15,
        "bb": 9,
        "so": 5,
        "sb": 5,
        "sf": 0,
        "totalBases": 12
      },
      "pitching": {
        "games": 3,
        "ip": 4.666,
        "bf": 25,
        "so": 7,
        "bb": 4,
        "h": 9,
        "hr": 0,
        "r": 12,
        "er": 8,
        "w": 1,
        "l": 0,
        "sv": 0,
        "hld": 0,
        "cs": 0,
        "csAttempts": 0
      },
      "pitchingCalculated": {
        "era": 15.430775825117873,
        "whip": 2.786112301757394,
        "fip": 2.771368901,
        "kPer9": 13.501928846978139,
        "bbPer9": 7.715387912558937,
        "hPer9": 17.359622803257608,
        "csPercentage": 0
      },
      "rankings": {
        "rc": 27,
        "hits": 38,
        "hr": 1458,
        "rbi": 163,
        "avg": 51,
        "w": 34,
        "sv": 1395,
        "so": 61,
        "era": 943,
        "whip": 436,
        "fip": 30
      }
    },
    {
      "year": 2021,
      "team": "極品酷寶",
      "number": "1",
      "batting": {
        "games": 19,
        "pa": 77,
        "ab": 59,
        "hits": 17,
        "singles": 13,
        "doubles": 4,
        "triples": 0,
        "hr": 0,
        "rbi": 18,
        "runs": 12,
        "bb": 15,
        "so": 6,
        "sb": 2,
        "sf": 3,
        "totalBases": 21
      },
      "pitching": {
        "games": 12,
        "ip": 22.324,
        "bf": 123,
        "so": 23,
        "bb": 12,
        "h": 36,
        "hr": 0,
        "r": 37,
        "er": 18,
        "w": 2,
        "l": 1,
        "sv": 1,
        "hld": 0,
        "cs": 0,
        "csAttempts": 0
      },
      "pitchingCalculated": {
        "era": 7.256764020784805,
        "whip": 2.150152302454757,
        "fip": 2.752,
        "kPer9": 9.27253180433614,
        "bbPer9": 4.837842680523203,
        "hPer9": 14.51352804156961,
        "csPercentage": 0
      },
      "rankings": {
        "rc": 64,
        "hits": 67,
        "hr": 1673,
        "rbi": 25,
        "avg": 89,
        "w": 39,
        "sv": 34,
        "so": 37,
        "era": 1022,
        "whip": 24,
        "fip": 16
      }
    }
  ]
}