{
  "id": "NTU017",
  "code": "NTU017",
  "name": "方程遠",
  "photo": "",
  "career": {
    "debut": 2013,
    "teams": [
      "台大化工OB"
    ],
    "totalSeasons": 7
  },
  "seasons": [
    {
      "year": 2019,
      "team": "台大化工OB",
      "number": "27",
      "batting": {
        "games": 7,
        "pa": 21,
        "ab": 17,
        "hits": 2,
        "singles": 1,
        "doubles": 1,
        "triples": 0,
        "hr": 0,
        "rbi": 3,
        "runs": 3,
        "bb": 4,
        "so": 4,
        "sb": 0,
        "sf": 0,
        "totalBases": 3
      },
      "pitching": {
        "games": 5,
        "ip": 14.33333333,
        "bf": 91,
        "so": 5,
        "bb": 17,
        "h": 27,
        "hr": 0,
        "r": 27,
        "er": 14,
        "w": 0,
        "l": 2,
        "sv": 0,
        "hld": 0,
        "cs": 0,
        "csAttempts": 0
      },
      "pitchingCalculated": {
        "era": 8.790697676462953,
        "whip": 3.0697674425743644,
        "fip": 6.06,
        "kPer9": 3.1395348844510544,
        "bbPer9": 10.674418607133585,
        "hPer9": 16.953488376035693,
        "csPercentage": 0
      },
      "rankings": {
        "rc": 435,
        "hits": 457,
        "hr": 1417,
        "rbi": 292,
        "avg": 917,
        "w": 1669,
        "sv": 1646,
        "so": 133,
        "era": 917,
        "whip": 336,
        "fip": 73
      }
    },
    {
      "year": 2018,
      "team": "台大化工OB",
      "number": "27",
      "batting": {
        "games": 12,
        "pa": 12,
        "ab": 11,
        "hits": 1,
        "singles": 1,
        "doubles": 0,
        "triples": 0,
        "hr": 0,
        "rbi": 1,
        "runs": 4,
        "bb": 1,
        "so": 2,
        "sb": 0,
        "sf": 0,
        "totalBases": 1
      },
      "pitching": {
        "games": 9,
        "ip": 24.666,
        "bf": 142,
        "so": 14,
        "bb": 15,
        "h": 47,
        "hr": 1,
        "r": 31,
        "er": 14,
        "w": 2,
        "l": 1,
        "sv": 0,
        "hld": 0,
        "cs": 0,
        "csAttempts": 0
      },
      "pitchingCalculated": {
        "era": 5.1082461688153735,
        "whip": 2.513581448147247,
        "fip": 4.416,
        "kPer9": 5.1082461688153735,
        "bbPer9": 5.473120895159329,
        "hPer9": 17.149112138165897,
        "csPercentage": 0
      },
      "rankings": {
        "rc": 901,
        "hits": 535,
        "hr": 1329,
        "rbi": 461,
        "avg": 940,
        "w": 40,
        "sv": 1666,
        "so": 71,
        "era": 940,
        "whip": 49,
        "fip": 56
      }
    },
    {
      "year": 2017,
      "team": "台大化工OB",
      "number": "NTU017",
      "batting": {
        "games": 19,
        "pa": 27,
        "ab": 18,
        "hits": 4,
        "singles": 3,
        "doubles": 1,
        "triples": 0,
        "hr": 0,
        "rbi": 3,
        "runs": 7,
        "bb": 9,
        "so": 5,
        "sb": 0,
        "sf": 0,
        "totalBases": 5
      },
      "pitching": {
        "games": 7,
        "ip": 16.33666667,
        "bf": 93,
        "so": 8,
        "bb": 16,
        "h": 28,
        "hr": 1,
        "r": 23,
        "er": 17,
        "w": 1,
        "l": 1,
        "sv": 0,
        "hld": 0,
        "cs": 0,
        "csAttempts": 0
      },
      "pitchingCalculated": {
        "era": 9.365435623471651,
        "whip": 2.6933278917173378,
        "fip": 5.955,
        "kPer9": 4.407263822810189,
        "bbPer9": 8.814527645620378,
        "hPer9": 15.425423379835662,
        "csPercentage": 0
      },
      "rankings": {
        "rc": 265,
        "hits": 353,
        "hr": 805,
        "rbi": 350,
        "avg": 340,
        "w": 91,
        "sv": 657,
        "so": 111,
        "era": 139,
        "whip": 139,
        "fip": 74
      }
    },
    {
      "year": 2016,
      "team": "台大化工OB",
      "number": "NTU017",
      "batting": {
        "games": 13,
        "pa": 19,
        "ab": 13,
        "hits": 5,
        "singles": 4,
        "doubles": 1,
        "triples": 0,
        "hr": 0,
        "rbi": 3,
        "runs": 3,
        "bb": 5,
        "so": 3,
        "sb": 1,
        "sf": 0,
        "totalBases": 6
      },
      "pitching": {
        "games": 9,
        "ip": 32,
        "bf": 179,
        "so": 22,
        "bb": 15,
        "h": 60,
        "hr": 0,
        "r": 45,
        "er": 32,
        "w": 3,
        "l": 0,
        "sv": 0,
        "hld": 0,
        "cs": 0,
        "csAttempts": 0
      },
      "pitchingCalculated": {
        "era": 9,
        "whip": 2.34375,
        "fip": 3.231,
        "kPer9": 6.1875,
        "bbPer9": 4.21875,
        "hPer9": 16.875,
        "csPercentage": 0
      },
      "rankings": {
        "rc": 235,
        "hits": 307,
        "hr": 669,
        "rbi": 340,
        "avg": 349,
        "w": 28,
        "sv": 646,
        "so": 43,
        "era": 39,
        "whip": 30,
        "fip": 26
      }
    },
    {
      "year": 2015,
      "team": "台大化工OB",
      "number": "NTU017",
      "batting": {
        "games": 10,
        "pa": 29,
        "ab": 22,
        "hits": 8,
        "singles": 8,
        "doubles": 0,
        "triples": 0,
        "hr": 0,
        "rbi": 5,
        "runs": 11,
        "bb": 7,
        "so": 5,
        "sb": 1,
        "sf": 0,
        "totalBases": 8
      },
      "pitching": {
        "games": 4,
        "ip": 12.33333333,
        "bf": 64,
        "so": 6,
        "bb": 5,
        "h": 16,
        "hr": 1,
        "r": 11,
        "er": 2,
        "w": 1,
        "l": 1,
        "sv": 0,
        "hld": 0,
        "cs": 0,
        "csAttempts": 0
      },
      "pitchingCalculated": {
        "era": 1.459459459853908,
        "whip": 1.7027027031628925,
        "fip": 4.497,
        "kPer9": 4.378378379561724,
        "bbPer9": 3.6486486496347696,
        "hPer9": 11.675675678831263,
        "csPercentage": 0
      },
      "rankings": {
        "rc": 190,
        "hits": 197,
        "hr": 717,
        "rbi": 233,
        "avg": 624,
        "w": 78,
        "sv": 587,
        "so": 107,
        "era": 130,
        "whip": 130,
        "fip": 46
      }
    },
    {
      "year": 2014,
      "team": "台大化工OB",
      "number": "NTU017",
      "batting": {
        "games": 6,
        "pa": 13,
        "ab": 10,
        "hits": 3,
        "singles": 3,
        "doubles": 0,
        "triples": 0,
        "hr": 0,
        "rbi": 2,
        "runs": 3,
        "bb": 3,
        "so": 3,
        "sb": 1,
        "sf": 0,
        "totalBases": 3
      },
      "pitching": {
        "games": 1,
        "ip": 4,
        "bf": 21,
        "so": 5,
        "bb": 3,
        "h": 6,
        "hr": 0,
        "r": 4,
        "er": 4,
        "w": 1,
        "l": 0,
        "sv": 0,
        "hld": 0,
        "cs": 0,
        "csAttempts": 0
      },
      "pitchingCalculated": {
        "era": 9,
        "whip": 2.25,
        "fip": null,
        "kPer9": 11.25,
        "bbPer9": 6.75,
        "hPer9": 13.5,
        "csPercentage": 0
      },
      "rankings": {
        "rc": 253,
        "hits": 277,
        "hr": 388,
        "rbi": 270,
        "avg": 327,
        "w": 40,
        "sv": 431,
        "so": 97,
        "era": 115,
        "whip": 115,
        "fip": 0
      }
    },
    {
      "year": 2013,
      "team": "台大化工OB",
      "number": "NTU017",
      "batting": {
        "games": 5,
        "pa": 14,
        "ab": 10,
        "hits": 6,
        "singles": 6,
        "doubles": 0,
        "triples": 0,
        "hr": 0,
        "rbi": 7,
        "runs": 7,
        "bb": 4,
        "so": 1,
        "sb": 0,
        "sf": 0,
        "totalBases": 6
      },
      "pitching": {
        "games": 6,
        "ip": 9,
        "bf": 44,
        "so": 7,
        "bb": 7,
        "h": 11,
        "hr": 0,
        "r": 8,
        "er": 8,
        "w": 1,
        "l": 0,
        "sv": 0,
        "hld": 0,
        "cs": 0,
        "csAttempts": 0
      },