{
  "id": "YAN052",
  "code": "YAN052",
  "name": "彭俊維",
  "photo": "",
  "career": {
    "debut": 2015,
    "teams": [
      "戊戍本一家",
      "陽明OB"
    ],
    "totalSeasons": 6
  },
  "seasons": [
    {
      "year": 2020,
      "team": "戊戍本一家",
      "number": "77",
      "batting": {
        "games": 6,
        "pa": 10,
        "ab": 10,
        "hits": 2,
        "singles": 2,
        "doubles": 0,
        "triples": 0,
        "hr": 0,
        "rbi": 0,
        "runs": 0,
        "bb": 0,
        "so": 4,
        "sb": 0,
        "sf": 0,
        "totalBases": 2
      },
      "pitching": {
        "games": 11,
        "ip": 44.3,
        "bf": 283,
        "so": 38,
        "bb": 37,
        "h": 100,
        "hr": 0,
        "r": 89,
        "er": 58,
        "w": 0,
        "l": 3,
        "sv": 0,
        "hld": 0,
        "cs": 0,
        "csAttempts": 0
      },
      "pitchingCalculated": {
        "era": 11.78329571106095,
        "whip": 3.0925507900677203,
        "fip": 3.99,
        "kPer9": 7.720090293453725,
        "bbPer9": 7.516930022573364,
        "hPer9": 20.31602708803612,
        "csPercentage": 0
      },
      "rankings": {
        "rc": 588,
        "hits": 474,
        "hr": 1251,
        "rbi": 1642,
        "avg": 1101,
        "w": 1680,
        "sv": 1672,
        "so": 21,
        "era": 1101,
        "whip": 62,
        "fip": 51
      }
    },
    {
      "year": 2019,
      "team": "戊戍本一家",
      "number": "77",
      "batting": {
        "games": 11,
        "pa": 0,
        "ab": 0,
        "hits": 0,
        "singles": 0,
        "doubles": 0,
        "triples": 0,
        "hr": 0,
        "rbi": 0,
        "runs": 0,
        "bb": 0,
        "so": 1,
        "sb": 0,
        "sf": 0,
        "totalBases": 0
      },
      "pitching": {
        "games": 13,
        "ip": 47.297,
        "bf": 284,
        "so": 33,
        "bb": 38,
        "h": 89,
        "hr": 0,
        "r": 79,
        "er": 42,
        "w": 2,
        "l": 7,
        "sv": 0,
        "hld": 0,
        "cs": 0,
        "csAttempts": 0
      },
      "pitchingCalculated": {
        "era": 7.9920502357443395,
        "whip": 2.6851597352897647,
        "fip": 4.215,
        "kPer9": 6.279468042370552,
        "bbPer9": 7.230902594244879,
        "hPer9": 16.935535023363006,
        "csPercentage": 0
      },
      "rankings": {
        "rc": 611,
        "hits": 575,
        "hr": 61,
        "rbi": 508,
        "avg": 917,
        "w": 44,
        "sv": 1678,
        "so": 24,
        "era": 917,
        "whip": 45,
        "fip": 47
      }
    },
    {
      "year": 2018,
      "team": "戊戍本一家",
      "number": "77",
      "batting": {
        "games": 7,
        "pa": 9,
        "ab": 7,
        "hits": 1,
        "singles": 1,
        "doubles": 0,
        "triples": 0,
        "hr": 0,
        "rbi": 1,
        "runs": 1,
        "bb": 2,
        "so": 5,
        "sb": 0,
        "sf": 0,
        "totalBases": 1
      },
      "pitching": {
        "games": 7,
        "ip": 33.666,
        "bf": 164,
        "so": 25,
        "bb": 9,
        "h": 56,
        "hr": 1,
        "r": 37,
        "er": 20,
        "w": 3,
        "l": 2,
        "sv": 0,
        "hld": 0,
        "cs": 0,
        "csAttempts": 0
      },
      "pitchingCalculated": {
        "era": 5.346640527535199,
        "whip": 1.930731301609933,
        "fip": 2.903,
        "kPer9": 6.683300659418999,
        "bbPer9": 2.4059882373908397,
        "hPer9": 14.970593477098557,
        "csPercentage": 0
      },
      "rankings": {
        "rc": 495,
        "hits": 522,
        "hr": 1283,
        "rbi": 443,
        "avg": 940,
        "w": 21,
        "sv": 1672,
        "so": 32,
        "era": 940,
        "whip": 22,
        "fip": 20
      }
    },
    {
      "year": 2017,
      "team": "戊戍本一家",
      "number": "YAN052",
      "batting": {
        "games": 13,
        "pa": 26,
        "ab": 22,
        "hits": 6,
        "singles": 5,
        "doubles": 1,
        "triples": 0,
        "hr": 0,
        "rbi": 7,
        "runs": 4,
        "bb": 4,
        "so": 8,
        "sb": 0,
        "sf": 0,
        "totalBases": 7
      },
      "pitching": {
        "games": 10,
        "ip": 36.33266667,
        "bf": 248,
        "so": 35,
        "bb": 30,
        "h": 94,
        "hr": 1,
        "r": 95,
        "er": 47,
        "w": 0,
        "l": 3,
        "sv": 0,
        "hld": 0,
        "cs": 0,
        "csAttempts": 0
      },
      "pitchingCalculated": {
        "era": 11.64241545609622,
        "whip": 3.41290665852466,
        "fip": 4.108,
        "kPer9": 8.66988385028442,
        "bbPer9": 7.431329014529502,
        "hPer9": 23.28483091219244,
        "csPercentage": 0
      },
      "rankings": {
        "rc": 317,
        "hits": 267,
        "hr": 800,
        "rbi": 174,
        "avg": 340,
        "w": 690,
        "sv": 683,
        "so": 23,
        "era": 46,
        "whip": 52,
        "fip": 47
      }
    },
    {
      "year": 2016,
      "team": "戊戍本一家",
      "number": "YAN052",
      "batting": {
        "games": 6,
        "pa": 12,
        "ab": 10,
        "hits": 4,
        "singles": 3,
        "doubles": 1,
        "triples": 0,
        "hr": 0,
        "rbi": 2,
        "runs": 3,
        "bb": 2,
        "so": 5,
        "sb": 0,
        "sf": 0,
        "totalBases": 5
      },
      "pitching": {
        "games": 6,
        "ip": 22.66,
        "bf": 171,
        "so": 24,
        "bb": 17,
        "h": 73,
        "hr": 0,
        "r": 72,
        "er": 39,
        "w": 0,
        "l": 4,
        "sv": 0,
        "hld": 0,
        "cs": 0,
        "csAttempts": 0
      },
      "pitchingCalculated": {
        "era": 15.489849955869373,
        "whip": 3.971756398940865,
        "fip": 3.332,
        "kPer9": 9.532215357458076,
        "bbPer9": 6.751985878199471,
        "hPer9": 28.993821712268314,
        "csPercentage": 0
      },
      "rankings": {
        "rc": 348,
        "hits": 339,
        "hr": 583,
        "rbi": 392,
        "avg": 349,
        "w": 655,
        "sv": 639,
        "so": 35,
        "era": 57,
        "whip": 59,
        "fip": 33
      }
    },
    {
      "year": 2015,
      "team": "陽明OB",
      "number": "YAN052",
      "batting": {
        "games": 0,
        "pa": 0,
        "ab": 0,
        "hits": 0,
        "singles": 0,
        "doubles": 0,
        "triples": 0,
        "hr": 0,
        "rbi": 0,
        "runs": 0,
        "bb": 0,
        "so": 0,
        "sb": 0,
        "sf": 0,
        "totalBases": 0
      },
      "pitching": null,
      "pitchingCalculated": null,
      "rankings": {
        "rc": 623,
        "hits": 522,
        "hr": 61,
        "rbi": 479,
        "avg": 624,
        "w": 0,
        "sv": 0,
        "so": 0,
        "era": 0,
        "whip": 0,
        "fip": 0
      }
    }
  ]
}