{
  "year": 2009,
  "avgBattingAvg": 0.30027472527472526,
  "avgOBP": 0.4215307744719509,
  "avgSLG": 0.3989010989010989,
  "avgOPS": 0.8204318733730498,
  "totalPA": 4422,
  "totalAB": 3640,
  "wOBAScale": 1.2,
  "wOBAWeights": {
    "BB": 0.69,
    "HBP": 0.72,
    "1B": 0.88,
    "2B": 1.24,
    "3B": 1.56,
    "HR": 1.95
  }
}