{
  "year": 2010,
  "avgBattingAvg": 0.30140289346777727,
  "avgOBP": 0.42075608869502,
  "avgSLG": 0.4039894782989917,
  "avgOPS": 0.8247455669940117,
  "totalPA": 5548,
  "totalAB": 4562,
  "wOBAScale": 1.2,
  "wOBAWeights": {
    "BB": 0.69,
    "HBP": 0.72,
    "1B": 0.88,
    "2B": 1.24,
    "3B": 1.56,
    "HR": 1.95
  }
}