{
  "year": 2011,
  "avgBattingAvg": 0.29226918798665186,
  "avgOBP": 0.4256375535996389,
  "avgSLG": 0.3665183537263626,
  "avgOPS": 0.7921559073260015,
  "totalPA": 4476,
  "totalAB": 3596,
  "wOBAScale": 1.2,
  "wOBAWeights": {
    "BB": 0.69,
    "HBP": 0.72,
    "1B": 0.88,
    "2B": 1.24,
    "3B": 1.56,
    "HR": 1.95
  }
}