{
  "year": 2012,
  "avgBattingAvg": 0.30744452397995703,
  "avgOBP": 0.41944194419441944,
  "avgSLG": 0.40264853256979244,
  "avgOPS": 0.8220904767642119,
  "totalPA": 6707,
  "totalAB": 5588,
  "wOBAScale": 1.2,
  "wOBAWeights": {
    "BB": 0.69,
    "HBP": 0.72,
    "1B": 0.88,
    "2B": 1.24,
    "3B": 1.56,
    "HR": 1.95
  }
}