{
  "year": 2013,
  "avgBattingAvg": 0.3173052198508614,
  "avgOBP": 0.433660409556314,
  "avgSLG": 0.412188223193623,
  "avgOPS": 0.845848632749937,
  "totalPA": 9472,
  "totalAB": 7778,
  "wOBAScale": 1.2,
  "wOBAWeights": {
    "BB": 0.69,
    "HBP": 0.72,
    "1B": 0.88,
    "2B": 1.24,
    "3B": 1.56,
    "HR": 1.95
  }
}