{
  "year": 2014,
  "avgBattingAvg": 0.31310331644843736,
  "avgOBP": 0.43199241286651385,
  "avgSLG": 0.4072445761253942,
  "avgOPS": 0.839236988991908,
  "totalPA": 12771,
  "totalAB": 10463,
  "wOBAScale": 1.2,
  "wOBAWeights": {
    "BB": 0.69,
    "HBP": 0.72,
    "1B": 0.88,
    "2B": 1.24,
    "3B": 1.56,
    "HR": 1.95
  }
}