{
  "year": 2015,
  "avgBattingAvg": 0.3201145958986731,
  "avgOBP": 0.4350332038591655,
  "avgSLG": 0.42596501809408926,
  "avgOPS": 0.8609982219532548,
  "totalPA": 16140,
  "totalAB": 13264,
  "wOBAScale": 1.2,
  "wOBAWeights": {
    "BB": 0.69,
    "HBP": 0.72,
    "1B": 0.88,
    "2B": 1.24,
    "3B": 1.56,
    "HR": 1.95
  }
}