{
  "year": 2016,
  "avgBattingAvg": 0.33646234676007003,
  "avgOBP": 0.44672897196261685,
  "avgSLG": 0.4440630472854641,
  "avgOPS": 0.8907920192480809,
  "totalPA": 17311,
  "totalAB": 14275,
  "wOBAScale": 1.2,
  "wOBAWeights": {
    "BB": 0.69,
    "HBP": 0.72,
    "1B": 0.88,
    "2B": 1.24,
    "3B": 1.56,
    "HR": 1.95
  }
}