{
  "year": 2017,
  "avgBattingAvg": 0.3320518297024064,
  "avgOBP": 0.4494777608261941,
  "avgSLG": 0.45365228534814184,
  "avgOPS": 0.9031300461743359,
  "totalPA": 17174,
  "totalAB": 14046,
  "wOBAScale": 1.2,
  "wOBAWeights": {
    "BB": 0.69,
    "HBP": 0.72,
    "1B": 0.88,
    "2B": 1.24,
    "3B": 1.56,
    "HR": 1.95
  }
}