{
  "year": 2018,
  "avgBattingAvg": 0.33058678576929,
  "avgOBP": 0.4406768755629906,
  "avgSLG": 0.4388572308640074,
  "avgOPS": 0.879534106426998,
  "totalPA": 15667,
  "totalAB": 12986,
  "wOBAScale": 1.2,
  "wOBAWeights": {
    "BB": 0.69,
    "HBP": 0.72,
    "1B": 0.88,
    "2B": 1.24,
    "3B": 1.56,
    "HR": 1.95
  }
}