{
  "year": 2019,
  "avgBattingAvg": 0.3180327868852459,
  "avgOBP": 0.4315214090494989,
  "avgSLG": 0.4172677595628415,
  "avgOPS": 0.8487891686123404,
  "totalPA": 16626,
  "totalAB": 13725,
  "wOBAScale": 1.2,
  "wOBAWeights": {
    "BB": 0.69,
    "HBP": 0.72,
    "1B": 0.88,
    "2B": 1.24,
    "3B": 1.56,
    "HR": 1.95
  }
}