{
  "year": 2020,
  "avgBattingAvg": 0.31670097238980766,
  "avgOBP": 0.42890193984694786,
  "avgSLG": 0.4009510966001845,
  "avgOPS": 0.8298530364471324,
  "totalPA": 17005,
  "totalAB": 14089,
  "wOBAScale": 1.2,
  "wOBAWeights": {
    "BB": 0.69,
    "HBP": 0.72,
    "1B": 0.88,
    "2B": 1.24,
    "3B": 1.56,
    "HR": 1.95
  }
}