{
  "year": 2021,
  "avgBattingAvg": 0.32036226878501806,
  "avgOBP": 0.4393440547043181,
  "avgSLG": 0.41676260649320745,
  "avgOPS": 0.8561066611975255,
  "totalPA": 15929,
  "totalAB": 13029,
  "wOBAScale": 1.2,
  "wOBAWeights": {
    "BB": 0.69,
    "HBP": 0.72,
    "1B": 0.88,
    "2B": 1.24,
    "3B": 1.56,
    "HR": 1.95
  }
}