{
  "year": 2022,
  "avgBattingAvg": 0.3267543859649123,
  "avgOBP": 0.4488330341113106,
  "avgSLG": 0.42054655870445345,
  "avgOPS": 0.869379592815764,
  "totalPA": 7310,
  "totalAB": 5928,
  "wOBAScale": 1.2,
  "wOBAWeights": {
    "BB": 0.69,
    "HBP": 0.72,
    "1B": 0.88,
    "2B": 1.24,
    "3B": 1.56,
    "HR": 1.95
  }
}