{
  "year": 2023,
  "avgBattingAvg": 0.31374444229653975,
  "avgOBP": 0.44147262429200756,
  "avgSLG": 0.39493524067272373,
  "avgOPS": 0.8364078649647313,
  "totalPA": 6419,
  "totalAB": 5173,
  "wOBAScale": 1.2,
  "wOBAWeights": {
    "BB": 0.69,
    "HBP": 0.72,
    "1B": 0.88,
    "2B": 1.24,
    "3B": 1.56,
    "HR": 1.95
  }
}