{
  "year": 2024,
  "avgBattingAvg": 0.31605113636363635,
  "avgOBP": 0.44027898866608545,
  "avgSLG": 0.39115767045454547,
  "avgOPS": 0.8314366591206309,
  "totalPA": 6961,
  "totalAB": 5632,
  "wOBAScale": 1.2,
  "wOBAWeights": {
    "BB": 0.69,
    "HBP": 0.72,
    "1B": 0.88,
    "2B": 1.24,
    "3B": 1.56,
    "HR": 1.95
  }
}