{
  "year": 2025,
  "avgBattingAvg": 0.314290895901342,
  "avgOBP": 0.44208351778072896,
  "avgSLG": 0.3969894813202757,
  "avgOPS": 0.8390729991010046,
  "totalPA": 13671,
  "totalAB": 11028,
  "wOBAScale": 1.2,
  "wOBAWeights": {
    "BB": 0.69,
    "HBP": 0.72,
    "1B": 0.88,
    "2B": 1.24,
    "3B": 1.56,
    "HR": 1.95
  }
}