{
  "year": 2025,
  "avgBattingAvg": 0.3147516116799393,
  "avgOBP": 0.4430574818924333,
  "avgSLG": 0.3987485779294653,
  "avgOPS": 0.8418060598218986,
  "totalPA": 13093,
  "totalAB": 10548,
  "wOBAScale": 1.2,
  "wOBAWeights": {
    "BB": 0.69,
    "HBP": 0.72,
    "1B": 0.88,
    "2B": 1.24,
    "3B": 1.56,
    "HR": 1.95
  }
}